{
    "metrics": {
        "NDCG": {
            "NDCG@1": 0.92411,
            "NDCG@3": 0.95619,
            "NDCG@5": 0.95906,
            "NDCG@10": 0.96076,
            "NDCG@100": 0.96215,
            "NDCG@1000": 0.9625
        },
        "MAP": {
            "MAP@1": 0.92411,
            "MAP@3": 0.94885,
            "MAP@5": 0.95049,
            "MAP@10": 0.95123,
            "MAP@100": 0.95149,
            "MAP@1000": 0.95149
        },
        "Recall": {
            "Recall@1": 0.92411,
            "Recall@3": 0.97723,
            "Recall@5": 0.98398,
            "Recall@10": 0.98904,
            "Recall@100": 0.99578,
            "Recall@1000": 0.99916
        },
        "Precision": {
            "P@1": 0.92411,
            "P@3": 0.32574,
            "P@5": 0.1968,
            "P@10": 0.0989,
            "P@100": 0.00996,
            "P@1000": 0.001
        }
    }
}