{
    "metrics": {
        "NDCG": {
            "NDCG@1": 0.80488,
            "NDCG@3": 0.86275,
            "NDCG@5": 0.86807,
            "NDCG@10": 0.87529,
            "NDCG@100": 0.88255,
            "NDCG@1000": 0.88516
        },
        "MAP": {
            "MAP@1": 0.80488,
            "MAP@3": 0.84897,
            "MAP@5": 0.85188,
            "MAP@10": 0.85481,
            "MAP@100": 0.85633,
            "MAP@1000": 0.85642
        },
        "Recall": {
            "Recall@1": 0.80488,
            "Recall@3": 0.90244,
            "Recall@5": 0.91557,
            "Recall@10": 0.93809,
            "Recall@100": 0.97186,
            "Recall@1000": 0.9925
        },
        "Precision": {
            "P@1": 0.80488,
            "P@3": 0.30081,
            "P@5": 0.18311,
            "P@10": 0.09381,
            "P@100": 0.00972,
            "P@1000": 0.00099
        }
    }
}