{
    "metrics": {
        "NDCG": {
            "NDCG@1": 0.71341,
            "NDCG@3": 0.75559,
            "NDCG@5": 0.76293,
            "NDCG@10": 0.77994,
            "NDCG@100": 0.8003,
            "NDCG@1000": 0.80481
        },
        "MAP": {
            "MAP@1": 0.71341,
            "MAP@3": 0.74492,
            "MAP@5": 0.74888,
            "MAP@10": 0.75548,
            "MAP@100": 0.7589,
            "MAP@1000": 0.75905
        },
        "Recall": {
            "Recall@1": 0.71341,
            "Recall@3": 0.78659,
            "Recall@5": 0.80488,
            "Recall@10": 0.85976,
            "Recall@100": 0.96341,
            "Recall@1000": 1.0
        },
        "Precision": {
            "P@1": 0.71341,
            "P@3": 0.2622,
            "P@5": 0.16098,
            "P@10": 0.08598,
            "P@100": 0.00963,
            "P@1000": 0.001
        }
    }
}