{
    "metrics": {
        "NDCG": {
            "NDCG@1": 0.76901,
            "NDCG@3": 0.81656,
            "NDCG@5": 0.82408,
            "NDCG@10": 0.83198,
            "NDCG@100": 0.84639,
            "NDCG@1000": 0.85142
        },
        "MAP": {
            "MAP@1": 0.76901,
            "MAP@3": 0.80563,
            "MAP@5": 0.80979,
            "MAP@10": 0.81314,
            "MAP@100": 0.8162,
            "MAP@1000": 0.81637
        },
        "Recall": {
            "Recall@1": 0.76901,
            "Recall@3": 0.84789,
            "Recall@5": 0.8662,
            "Recall@10": 0.89014,
            "Recall@100": 0.95634,
            "Recall@1000": 0.99718
        },
        "Precision": {
            "P@1": 0.76901,
            "P@3": 0.28263,
            "P@5": 0.17324,
            "P@10": 0.08901,
            "P@100": 0.00956,
            "P@1000": 0.001
        }
    }
}