{
    "metrics": {
        "NDCG": {
            "NDCG@1": 0.83333,
            "NDCG@3": 0.87103,
            "NDCG@5": 0.88466,
            "NDCG@10": 0.89577,
            "NDCG@100": 0.89904,
            "NDCG@1000": 0.90115
        },
        "MAP": {
            "MAP@1": 0.83333,
            "MAP@3": 0.86111,
            "MAP@5": 0.86861,
            "MAP@10": 0.87337,
            "MAP@100": 0.87388,
            "MAP@1000": 0.87395
        },
        "Recall": {
            "Recall@1": 0.83333,
            "Recall@3": 0.9,
            "Recall@5": 0.93333,
            "Recall@10": 0.96667,
            "Recall@100": 0.98333,
            "Recall@1000": 1.0
        },
        "Precision": {
            "P@1": 0.83333,
            "P@3": 0.3,
            "P@5": 0.18667,
            "P@10": 0.09667,
            "P@100": 0.00983,
            "P@1000": 0.001
        }
    }
}