{
    "metrics": {
        "NDCG": {
            "NDCG@1": 0.91857,
            "NDCG@3": 0.95084,
            "NDCG@5": 0.95434,
            "NDCG@10": 0.95732,
            "NDCG@100": 0.95916,
            "NDCG@1000": 0.95935
        },
        "MAP": {
            "MAP@1": 0.91857,
            "MAP@3": 0.94333,
            "MAP@5": 0.94526,
            "MAP@10": 0.94653,
            "MAP@100": 0.9469,
            "MAP@1000": 0.94691
        },
        "Recall": {
            "Recall@1": 0.91857,
            "Recall@3": 0.97238,
            "Recall@5": 0.98095,
            "Recall@10": 0.99,
            "Recall@100": 0.99857,
            "Recall@1000": 1.0
        },
        "Precision": {
            "P@1": 0.91857,
            "P@3": 0.32413,
            "P@5": 0.19619,
            "P@10": 0.099,
            "P@100": 0.00999,
            "P@1000": 0.001
        }
    }
}