{
    "metrics": {
        "NDCG": {
            "NDCG@1": 0.81527,
            "NDCG@3": 0.86087,
            "NDCG@5": 0.86786,
            "NDCG@10": 0.87277,
            "NDCG@100": 0.8841,
            "NDCG@1000": 0.88661
        },
        "MAP": {
            "MAP@1": 0.81527,
            "MAP@3": 0.85016,
            "MAP@5": 0.85398,
            "MAP@10": 0.85609,
            "MAP@100": 0.85832,
            "MAP@1000": 0.85842
        },
        "Recall": {
            "Recall@1": 0.81527,
            "Recall@3": 0.89163,
            "Recall@5": 0.90887,
            "Recall@10": 0.92365,
            "Recall@100": 0.97783,
            "Recall@1000": 0.99754
        },
        "Precision": {
            "P@1": 0.81527,
            "P@3": 0.29721,
            "P@5": 0.18177,
            "P@10": 0.09236,
            "P@100": 0.00978,
            "P@1000": 0.001
        }
    }
}