{
    "metrics": {
        "NDCG": {
            "NDCG@1": 0.86172,
            "NDCG@3": 0.89911,
            "NDCG@5": 0.90331,
            "NDCG@10": 0.91181,
            "NDCG@100": 0.9183,
            "NDCG@1000": 0.91945
        },
        "MAP": {
            "MAP@1": 0.86172,
            "MAP@3": 0.89034,
            "MAP@5": 0.89267,
            "MAP@10": 0.8962,
            "MAP@100": 0.89754,
            "MAP@1000": 0.89759
        },
        "Recall": {
            "Recall@1": 0.86172,
            "Recall@3": 0.92431,
            "Recall@5": 0.9345,
            "Recall@10": 0.9607,
            "Recall@100": 0.99127,
            "Recall@1000": 1.0
        },
        "Precision": {
            "P@1": 0.86172,
            "P@3": 0.3081,
            "P@5": 0.1869,
            "P@10": 0.09607,
            "P@100": 0.00991,
            "P@1000": 0.001
        }
    }
}