{
    "metrics": {
        "NDCG": {
            "NDCG@1": 0.14612,
            "NDCG@3": 0.21733,
            "NDCG@5": 0.24563,
            "NDCG@10": 0.30005,
            "NDCG@100": 0.3738,
            "NDCG@1000": 0.3876
        },
        "MAP": {
            "MAP@1": 0.14612,
            "MAP@3": 0.19939,
            "MAP@5": 0.21514,
            "MAP@10": 0.23748,
            "MAP@100": 0.25161,
            "MAP@1000": 0.25212
        },
        "Recall": {
            "Recall@1": 0.14612,
            "Recall@3": 0.26941,
            "Recall@5": 0.3379,
            "Recall@10": 0.50685,
            "Recall@100": 0.86301,
            "Recall@1000": 0.9726
        },
        "Precision": {
            "P@1": 0.14612,
            "P@3": 0.0898,
            "P@5": 0.06758,
            "P@10": 0.05068,
            "P@100": 0.00863,
            "P@1000": 0.00097
        }
    }
}