{
    "metrics": {
        "NDCG": {
            "NDCG@1": 0.90682,
            "NDCG@3": 0.93531,
            "NDCG@5": 0.94089,
            "NDCG@10": 0.94251,
            "NDCG@100": 0.94587,
            "NDCG@1000": 0.94709
        },
        "MAP": {
            "MAP@1": 0.90682,
            "MAP@3": 0.92845,
            "MAP@5": 0.93161,
            "MAP@10": 0.93228,
            "MAP@100": 0.93288,
            "MAP@1000": 0.93292
        },
        "Recall": {
            "Recall@1": 0.90682,
            "Recall@3": 0.95507,
            "Recall@5": 0.96839,
            "Recall@10": 0.97338,
            "Recall@100": 0.99002,
            "Recall@1000": 1.0
        },
        "Precision": {
            "P@1": 0.90682,
            "P@3": 0.31836,
            "P@5": 0.19368,
            "P@10": 0.09734,
            "P@100": 0.0099,
            "P@1000": 0.001
        }
    }
}